<?xml version="1.0"?>
<?mso-application progid="Excel.Sheet"?>
<Workbook xmlns="urn:schemas-microsoft-com:office:spreadsheet"
 xmlns:o="urn:schemas-microsoft-com:office:office"
 xmlns:x="urn:schemas-microsoft-com:office:excel"
 xmlns:ss="urn:schemas-microsoft-com:office:spreadsheet"
 xmlns:html="http://www.w3.org/TR/REC-html40"
 xmlns:x2="http://schemas.microsoft.com/office/excel/2003/xml">
 <DocumentProperties xmlns="urn:schemas-microsoft-com:office:office">
  <LastAuthor>Anthony Stevens</LastAuthor>
  <Created>2019-09-26T21:29:02Z</Created>
  <Version>16.00</Version>
 </DocumentProperties>
 <OfficeDocumentSettings xmlns="urn:schemas-microsoft-com:office:office">
  <AllowPNG/>
 </OfficeDocumentSettings>
 <ExcelWorkbook xmlns="urn:schemas-microsoft-com:office:excel">
  <WindowHeight>8070</WindowHeight>
  <WindowWidth>20490</WindowWidth>
  <WindowTopX>32767</WindowTopX>
  <WindowTopY>32767</WindowTopY>
  <ProtectStructure>False</ProtectStructure>
  <ProtectWindows>False</ProtectWindows>
  <FutureVer>11</FutureVer>
 </ExcelWorkbook>
 <Styles>
  <Style ss:ID="Default" ss:Name="Normal">
   <Alignment ss:Vertical="Bottom"/>
   <Borders/>
   <Font ss:FontName="Calibri" x:Family="Swiss" ss:Size="11" ss:Color="#000000"/>
   <Interior/>
   <NumberFormat/>
   <Protection/>
  </Style>
  <Style ss:ID="s63" ss:Name="Hyperlink">
   <Font ss:FontName="Calibri" x:Family="Swiss" ss:Size="11" ss:Color="#0563C1"
    ss:Underline="Single"/>
  </Style>
  <Style ss:ID="s62">
   <NumberFormat ss:Format="@"/>
  </Style>
  <Style ss:ID="s64" ss:Parent="s63">
   <NumberFormat ss:Format="@"/>
  </Style>
 </Styles>
 <Worksheet ss:Name="Sheet1">
  <Table ss:ExpandedColumnCount="15" ss:ExpandedRowCount="7" x:FullColumns="1"
   x:FullRows="1" ss:DefaultRowHeight="15">
   <Column ss:Width="119.25"/>
   <Column ss:Width="97.5"/>
   <Column ss:Width="51.75"/>
   <Column ss:Width="87.75"/>
   <Column ss:Width="115.5"/>
   <Column ss:Width="97.5"/>
   <Column ss:Width="426"/>
   <Column ss:Width="73.5"/>
   <Column ss:Width="426" ss:Span="1"/>
   <Column ss:Index="11" ss:Width="30.75"/>
   <Column ss:Width="408"/>
   <Column ss:Width="36.75"/>
   <Column ss:Width="42"/>
   <Column ss:Width="57.75"/>
   <Row>
    <Cell><Data ss:Type="String">id</Data></Cell>
    <Cell><Data ss:Type="String">name</Data></Cell>
    <Cell><Data ss:Type="String">version</Data></Cell>
    <Cell><Data ss:Type="String">provider-name</Data></Cell>
    <Cell><Data ss:Type="String">point</Data></Cell>
    <Cell><Data ss:Type="String">name2</Data></Cell>
    <Cell><Data ss:Type="String">info</Data></Cell>
    <Cell><Data ss:Type="String">compressed</Data></Cell>
    <Cell><Data ss:Type="String">checksum</Data></Cell>
    <Cell><Data ss:Type="String">datadir</Data></Cell>
    <Cell><Data ss:Type="String">zip</Data></Cell>
    <Cell><Data ss:Type="String">summary</Data></Cell>
    <Cell><Data ss:Type="String">lang</Data></Cell>
    <Cell><Data ss:Type="String">lang3</Data></Cell>
    <Cell><Data ss:Type="String">platform</Data></Cell>
   </Row>
   <Row>
    <Cell ss:StyleID="s62"><Data ss:Type="String">repository.exodusredux</Data></Cell>
    <Cell ss:StyleID="s62"><Data ss:Type="String">Exodus Redux Repo</Data></Cell>
    <Cell ss:StyleID="s62"><Data ss:Type="String">0.0.9</Data></Cell>
    <Cell ss:StyleID="s62"><Data ss:Type="String">Anthony</Data></Cell>
    <Cell ss:StyleID="s62"><Data ss:Type="String">xbmc.addon.repository</Data></Cell>
    <Cell ss:StyleID="s62"><Data ss:Type="String">Exodus Redux Repo</Data></Cell>
    <Cell ss:StyleID="s64" ss:HRef="https://raw.githubusercontent.com/I-A-C/zips/master/addons.xml"><Data
      ss:Type="String">https://raw.githubusercontent.com/I-A-C/zips/master/addons.xml</Data></Cell>
    <Cell><Data ss:Type="Boolean">0</Data></Cell>
    <Cell ss:StyleID="s64" ss:HRef="https://raw.githubusercontent.com/I-A-C/zips/master/addons.xml.md5"><Data
      ss:Type="String">https://raw.githubusercontent.com/I-A-C/zips/master/addons.xml.md5</Data></Cell>
    <Cell ss:StyleID="s64" ss:HRef="https://raw.githubusercontent.com/I-A-C/zips/master/"><Data
      ss:Type="String">https://raw.githubusercontent.com/I-A-C/zips/master/</Data></Cell>
    <Cell><Data ss:Type="Boolean">1</Data></Cell>
    <Cell ss:StyleID="s62"/>
    <Cell ss:StyleID="s62"/>
    <Cell ss:StyleID="s62"/>
    <Cell ss:StyleID="s62"/>
   </Row>
   <Row>
    <Cell ss:StyleID="s62"><Data ss:Type="String">repository.exodusredux</Data></Cell>
    <Cell ss:StyleID="s62"><Data ss:Type="String">Exodus Redux Repo</Data></Cell>
    <Cell ss:StyleID="s62"><Data ss:Type="String">0.0.9</Data></Cell>
    <Cell ss:StyleID="s62"><Data ss:Type="String">Anthony</Data></Cell>
    <Cell ss:StyleID="s62"><Data ss:Type="String">xbmc.addon.repository</Data></Cell>
    <Cell ss:StyleID="s62"><Data ss:Type="String">Exodus Redux Repo</Data></Cell>
    <Cell ss:StyleID="s64" ss:HRef="https://raw.githubusercontent.com/a4k-openproject/repository.openscrapers/master/zips/addons.xml"><Data
      ss:Type="String">https://raw.githubusercontent.com/a4k-openproject/repository.openscrapers/master/zips/addons.xml</Data></Cell>
    <Cell><Data ss:Type="Boolean">0</Data></Cell>
    <Cell ss:StyleID="s64" ss:HRef="https://raw.githubusercontent.com/a4k-openproject/repository.openscrapers/master/zips/addons.xml.md5"><Data
      ss:Type="String">https://raw.githubusercontent.com/a4k-openproject/repository.openscrapers/master/zips/addons.xml.md5</Data></Cell>
    <Cell ss:StyleID="s64" ss:HRef="https://raw.githubusercontent.com/a4k-openproject/repository.openscrapers/master/zips/"><Data
      ss:Type="String">https://raw.githubusercontent.com/a4k-openproject/repository.openscrapers/master/zips/</Data></Cell>
    <Cell><Data ss:Type="Boolean">1</Data></Cell>
    <Cell ss:StyleID="s62"/>
    <Cell ss:StyleID="s62"/>
    <Cell ss:StyleID="s62"/>
    <Cell ss:StyleID="s62"/>
   </Row>
   <Row>
    <Cell ss:StyleID="s62"><Data ss:Type="String">repository.exodusredux</Data></Cell>
    <Cell ss:StyleID="s62"><Data ss:Type="String">Exodus Redux Repo</Data></Cell>
    <Cell ss:StyleID="s62"><Data ss:Type="String">0.0.9</Data></Cell>
    <Cell ss:StyleID="s62"><Data ss:Type="String">Anthony</Data></Cell>
    <Cell ss:StyleID="s62"><Data ss:Type="String">xbmc.addon.repository</Data></Cell>
    <Cell ss:StyleID="s62"><Data ss:Type="String">Exodus Redux Repo</Data></Cell>
    <Cell ss:StyleID="s64" ss:HRef="https://raw.githubusercontent.com/jsergio123/zips/master/addons.xml"><Data
      ss:Type="String">https://raw.githubusercontent.com/jsergio123/zips/master/addons.xml</Data></Cell>
    <Cell><Data ss:Type="Boolean">0</Data></Cell>
    <Cell ss:StyleID="s64" ss:HRef="https://raw.githubusercontent.com/jsergio123/zips/master/addons.xml.md5"><Data
      ss:Type="String">https://raw.githubusercontent.com/jsergio123/zips/master/addons.xml.md5</Data></Cell>
    <Cell ss:StyleID="s64" ss:HRef="https://raw.githubusercontent.com/jsergio123/zips/master/"><Data
      ss:Type="String">https://raw.githubusercontent.com/jsergio123/zips/master/</Data></Cell>
    <Cell><Data ss:Type="Boolean">1</Data></Cell>
    <Cell ss:StyleID="s62"/>
    <Cell ss:StyleID="s62"/>
    <Cell ss:StyleID="s62"/>
    <Cell ss:StyleID="s62"/>
   </Row>
   <Row>
    <Cell ss:StyleID="s62"><Data ss:Type="String">repository.exodusredux</Data></Cell>
    <Cell ss:StyleID="s62"><Data ss:Type="String">Exodus Redux Repo</Data></Cell>
    <Cell ss:StyleID="s62"><Data ss:Type="String">0.0.9</Data></Cell>
    <Cell ss:StyleID="s62"><Data ss:Type="String">Anthony</Data></Cell>
    <Cell ss:StyleID="s62"><Data ss:Type="String">xbmc.addon.metadata</Data></Cell>
    <Cell ss:StyleID="s62"/>
    <Cell ss:StyleID="s62"/>
    <Cell ss:Index="9" ss:StyleID="s62"/>
    <Cell ss:StyleID="s62"/>
    <Cell ss:Index="12" ss:StyleID="s62"><Data ss:Type="String">Exodus Redux is a educational add-on. We do not host any of the contents streamed.</Data></Cell>
    <Cell ss:StyleID="s62"><Data ss:Type="String">en</Data></Cell>
    <Cell ss:StyleID="s62"/>
    <Cell ss:StyleID="s62"/>
   </Row>
   <Row>
    <Cell ss:StyleID="s62"><Data ss:Type="String">repository.exodusredux</Data></Cell>
    <Cell ss:StyleID="s62"><Data ss:Type="String">Exodus Redux Repo</Data></Cell>
    <Cell ss:StyleID="s62"><Data ss:Type="String">0.0.9</Data></Cell>
    <Cell ss:StyleID="s62"><Data ss:Type="String">Anthony</Data></Cell>
    <Cell ss:StyleID="s62"><Data ss:Type="String">xbmc.addon.metadata</Data></Cell>
    <Cell ss:StyleID="s62"/>
    <Cell ss:StyleID="s62"/>
    <Cell ss:Index="9" ss:StyleID="s62"/>
    <Cell ss:StyleID="s62"/>
    <Cell ss:Index="12" ss:StyleID="s62"/>
    <Cell ss:StyleID="s62"/>
    <Cell ss:StyleID="s62"><Data ss:Type="String">en</Data></Cell>
    <Cell ss:StyleID="s62"/>
   </Row>
   <Row>
    <Cell ss:StyleID="s62"><Data ss:Type="String">repository.exodusredux</Data></Cell>
    <Cell ss:StyleID="s62"><Data ss:Type="String">Exodus Redux Repo</Data></Cell>
    <Cell ss:StyleID="s62"><Data ss:Type="String">0.0.9</Data></Cell>
    <Cell ss:StyleID="s62"><Data ss:Type="String">Anthony</Data></Cell>
    <Cell ss:StyleID="s62"><Data ss:Type="String">xbmc.addon.metadata</Data></Cell>
    <Cell ss:StyleID="s62"/>
    <Cell ss:StyleID="s62"/>
    <Cell ss:Index="9" ss:StyleID="s62"/>
    <Cell ss:StyleID="s62"/>
    <Cell ss:Index="12" ss:StyleID="s62"/>
    <Cell ss:StyleID="s62"/>
    <Cell ss:StyleID="s62"/>
    <Cell ss:StyleID="s62"><Data ss:Type="String">all</Data></Cell>
   </Row>
  </Table>
  <WorksheetOptions xmlns="urn:schemas-microsoft-com:office:excel">
   <PageSetup>
    <Header x:Margin="0.3"/>
    <Footer x:Margin="0.3"/>
    <PageMargins x:Bottom="0.75" x:Left="0.7" x:Right="0.7" x:Top="0.75"/>
   </PageSetup>
   <Selected/>
   <Panes>
    <Pane>
     <Number>3</Number>
     <ActiveRow>3</ActiveRow>
     <ActiveCol>3</ActiveCol>
    </Pane>
   </Panes>
   <ProtectObjects>False</ProtectObjects>
   <ProtectScenarios>False</ProtectScenarios>
  </WorksheetOptions>
 </Worksheet>
 <x2:MapInfo x2:HideInactiveListBorder="false">
  <x2:Schema x2:ID="Schema1" x2:Namespace=""><xsd:schema xmlns:xsd="http://www.w3.org/2001/XMLSchema"><xsd:element nillable="true" name="addon"><xsd:complexType><xsd:sequence minOccurs="0"><xsd:element minOccurs="0" maxOccurs="unbounded" nillable="true" name="extension" form="unqualified"><xsd:complexType><xsd:sequence minOccurs="0" maxOccurs="unbounded"><xsd:element minOccurs="0" maxOccurs="unbounded" nillable="true" name="dir" form="unqualified"><xsd:complexType><xsd:sequence minOccurs="0"><xsd:element minOccurs="0" nillable="true" name="info" form="unqualified"><xsd:complexType><xsd:simpleContent><xsd:extension base="xsd:anyURI"><xsd:attribute name="compressed" form="unqualified" type="xsd:boolean"></xsd:attribute></xsd:extension></xsd:simpleContent></xsd:complexType></xsd:element><xsd:element minOccurs="0" nillable="true" type="xsd:anyURI" name="checksum" form="unqualified"></xsd:element><xsd:element minOccurs="0" nillable="true" name="datadir" form="unqualified"><xsd:complexType><xsd:simpleContent><xsd:extension base="xsd:anyURI"><xsd:attribute name="zip" form="unqualified" type="xsd:boolean"></xsd:attribute></xsd:extension></xsd:simpleContent></xsd:complexType></xsd:element></xsd:sequence></xsd:complexType></xsd:element><xsd:element minOccurs="0" nillable="true" name="summary" form="unqualified"><xsd:complexType><xsd:simpleContent><xsd:extension base="xsd:string"><xsd:attribute name="lang" form="unqualified" type="xsd:string"></xsd:attribute></xsd:extension></xsd:simpleContent></xsd:complexType></xsd:element><xsd:element minOccurs="0" nillable="true" name="description" form="unqualified"><xsd:complexType><xsd:attribute name="lang" form="unqualified" type="xsd:string"></xsd:attribute></xsd:complexType></xsd:element><xsd:element minOccurs="0" nillable="true" type="xsd:string" name="platform" form="unqualified"></xsd:element></xsd:sequence><xsd:attribute name="point" form="unqualified" type="xsd:string"></xsd:attribute><xsd:attribute name="name" form="unqualified" type="xsd:string"></xsd:attribute></xsd:complexType></xsd:element></xsd:sequence><xsd:attribute name="id" form="unqualified" type="xsd:string"></xsd:attribute><xsd:attribute name="name" form="unqualified" type="xsd:string"></xsd:attribute><xsd:attribute name="version" form="unqualified" type="xsd:string"></xsd:attribute><xsd:attribute name="provider-name" form="unqualified" type="xsd:string"></xsd:attribute></xsd:complexType></xsd:element></xsd:schema></x2:Schema>
  <x2:Map x2:ID="addon_Map" x2:SchemaID="Schema1" x2:RootElement="addon">
   <x2:Entry x2:Type="table" x2:ID="1" x2:ShowTotals="false">
    <x2:Range>Sheet1!R2C1:R7C15</x2:Range>
    <x2:HeaderRange>R1C1</x2:HeaderRange>
    <x:FilterOn>True</x:FilterOn>
    <x2:XPath>/addon</x2:XPath>
    <x2:Field x2:ID="id">
     <x2:Range>RC</x2:Range>
     <x2:XPath>@id</x2:XPath>
     <x2:XSDType>string</x2:XSDType>
     <ss:Cell>
     </ss:Cell>
     <x2:Aggregate>None</x2:Aggregate>
    </x2:Field>
    <x2:Field x2:ID="name">
     <x2:Range>RC[1]</x2:Range>
     <x2:XPath>@name</x2:XPath>
     <x2:XSDType>string</x2:XSDType>
     <ss:Cell>
     </ss:Cell>
     <x2:Aggregate>None</x2:Aggregate>
    </x2:Field>
    <x2:Field x2:ID="version">
     <x2:Range>RC[2]</x2:Range>
     <x2:XPath>@version</x2:XPath>
     <x2:XSDType>string</x2:XSDType>
     <ss:Cell>
     </ss:Cell>
     <x2:Aggregate>None</x2:Aggregate>
    </x2:Field>
    <x2:Field x2:ID="provider-name">
     <x2:Range>RC[3]</x2:Range>
     <x2:XPath>@provider-name</x2:XPath>
     <x2:XSDType>string</x2:XSDType>
     <ss:Cell>
     </ss:Cell>
     <x2:Aggregate>None</x2:Aggregate>
    </x2:Field>
    <x2:Field x2:ID="point">
     <x2:Range>RC[4]</x2:Range>
     <x2:XPath>extension/@point</x2:XPath>
     <x2:XSDType>string</x2:XSDType>
     <ss:Cell>
     </ss:Cell>
     <x2:Aggregate>None</x2:Aggregate>
    </x2:Field>
    <x2:Field x2:ID="name2">
     <x2:Range>RC[5]</x2:Range>
     <x2:XPath>extension/@name</x2:XPath>
     <x2:XSDType>string</x2:XSDType>
     <ss:Cell>
     </ss:Cell>
     <x2:Aggregate>None</x2:Aggregate>
    </x2:Field>
    <x2:Field x2:ID="info">
     <x2:Range>RC[6]</x2:Range>
     <x2:XPath>extension/dir/info</x2:XPath>
     <x2:XSDType>anyURI</x2:XSDType>
     <ss:Cell>
     </ss:Cell>
     <x2:Aggregate>None</x2:Aggregate>
    </x2:Field>
    <x2:Field x2:ID="compressed">
     <x2:Range>RC[7]</x2:Range>
     <x2:XPath>extension/dir/info/@compressed</x2:XPath>
     <x2:XSDType>boolean</x2:XSDType>
     <ss:Cell>
     </ss:Cell>
     <x2:Aggregate>None</x2:Aggregate>
    </x2:Field>
    <x2:Field x2:ID="checksum">
     <x2:Range>RC[8]</x2:Range>
     <x2:XPath>extension/dir/checksum</x2:XPath>
     <x2:XSDType>anyURI</x2:XSDType>
     <ss:Cell>
     </ss:Cell>
     <x2:Aggregate>None</x2:Aggregate>
    </x2:Field>
    <x2:Field x2:ID="datadir">
     <x2:Range>RC[9]</x2:Range>
     <x2:XPath>extension/dir/datadir</x2:XPath>
     <x2:XSDType>anyURI</x2:XSDType>
     <ss:Cell>
     </ss:Cell>
     <x2:Aggregate>None</x2:Aggregate>
    </x2:Field>
    <x2:Field x2:ID="zip">
     <x2:Range>RC[10]</x2:Range>
     <x2:XPath>extension/dir/datadir/@zip</x2:XPath>
     <x2:XSDType>boolean</x2:XSDType>
     <ss:Cell>
     </ss:Cell>
     <x2:Aggregate>None</x2:Aggregate>
    </x2:Field>
    <x2:Field x2:ID="summary">
     <x2:Range>RC[11]</x2:Range>
     <x2:XPath>extension/summary</x2:XPath>
     <x2:XSDType>string</x2:XSDType>
     <ss:Cell>
     </ss:Cell>
     <x2:Aggregate>None</x2:Aggregate>
    </x2:Field>
    <x2:Field x2:ID="lang">
     <x2:Range>RC[12]</x2:Range>
     <x2:XPath>extension/summary/@lang</x2:XPath>
     <x2:XSDType>string</x2:XSDType>
     <ss:Cell>
     </ss:Cell>
     <x2:Aggregate>None</x2:Aggregate>
    </x2:Field>
    <x2:Field x2:ID="lang3">
     <x2:Range>RC[13]</x2:Range>
     <x2:XPath>extension/description/@lang</x2:XPath>
     <x2:XSDType>string</x2:XSDType>
     <ss:Cell>
     </ss:Cell>
     <x2:Aggregate>None</x2:Aggregate>
    </x2:Field>
    <x2:Field x2:ID="platform">
     <x2:Range>RC[14]</x2:Range>
     <x2:XPath>extension/platform</x2:XPath>
     <x2:XSDType>string</x2:XSDType>
     <ss:Cell>
     </ss:Cell>
     <x2:Aggregate>None</x2:Aggregate>
    </x2:Field>
   </x2:Entry>
  </x2:Map>
 </x2:MapInfo>
 <x2:Binding x2:ID="Binding1" x2:LoadMode="normal">
  <x2:MapID>addon_Map</x2:MapID>
<udc:DataSource MajorVersion="1" MinorVersion="0" xmlns:udc="http://schemas.microsoft.com/data/udc">
  <udc:Type Type="XMLFile" MajorVersion="1" MinorVersion="0"/>
  <udc:Name>Binding1</udc:Name>
  <udc:ConnectionInfo Purpose="Query">
    <udcxf:File xmlns:udcxf="http://schemas.microsoft.com/data/udc/xmlfile">C:\Users\antho\Documents\GitHub\anthonyswebsite\exodus\repository.exodusredux-0.0.8\repository.exodusredux\addon.xml</udcxf:File>
  </udc:ConnectionInfo>
</udc:DataSource>
 </x2:Binding>
</Workbook>
